Model,MAE,RMSE,MAPE (%)
care_load - Random Forest,42.64848564522798,66.61436502004233,2.040022121459494
care_load - Naive,6.6590476190476195,8.275883330373816,0.2958635088902104
care_load - SARIMA,228.21660151288722,278.7326544924299,10.66629392672514
discharge - Random Forest,3.5462698582708265,4.864783952820947,376155851.92455256
discharge - Naive,3.6885714285714286,4.9863789523750945,111111144.30263418
discharge - SARIMA,53.7565205106581,59.84765100957413,3720871191.3798785
transfer - Random Forest,4.8823934321590965,5.782736211141644,1136886936.8129113
transfer - Naive,3.085714285714286,4.282134748526153,619047662.019843
transfer - SARIMA,18.762529349191887,22.963021571342388,246532861.91069493
